0, 0
180, 0
360.034, 21.4451
360.035, 21.4451
361.097, 21.4451
362.114, 21.4451
363.1, 21.4451
364.096, 21.4451
365.059, 21.4451
366.534, 21.4451
369.043, 21.4451
371.192, 21.4451
372.256, 21.4451
373.136, 21.4451
375.14, 21.4451
376.034, 0
377.034, 0
402.583, 21.4451
402.604, 21.4451
403.711, 21.4451
404.793, 21.4451
405.669, 21.4451
406.658, 21.4451
407.585, 21.4451
408.601, 21.4451
410.083, 21.4451
410.63, 21.4451
411.613, 21.4451
412.614, 21.4451
413.777, 21.4451
414.799, 21.4451
415.621, 21.4451
416.707, 21.4451
417.766, 21.4451
418.692, 21.4451
419.63, 21.4451
420.707, 21.4451
421.634, 21.4451
422.602, 21.4451
423.614, 21.4451
424.619, 21.4451
425.632, 21.4451
426.598, 21.4451
427.586, 21.4451
428.597, 21.4451
429.84, 21.4451
430.704, 21.4451
431.699, 21.4451
432.589, 21.4451
433.588, 21.4451
434.652, 21.4451
435.8, 21.4451
436.679, 21.4451
437.618, 21.4451
438.653, 21.4451
440.083, 21.4451
440.588, 21.4451
441.786, 21.4451
443.005, 21.4451
443.761, 21.4451
444.605, 21.4451
445.777, 21.4451
446.855, 21.4451
447.7, 21.4451
448.594, 21.4451
449.731, 21.4451
451.083, 21.4451
451.719, 21.4451
452.836, 21.4451
453.667, 21.4451
454.676, 21.4451
455.726, 21.4451
456.595, 21.4451
457.778, 21.4451
458.625, 21.4451
459.605, 21.4451
460.608, 21.4451
461.643, 21.4451
463.083, 21.4451
463.735, 21.4451
464.594, 21.4451
466.083, 21.4451
466.612, 21.4451
467.721, 21.4451
468.59, 21.4451
469.662, 21.4451
470.67, 21.4451
471.676, 21.4451
472.678, 21.4451
473.662, 21.4451
474.601, 21.4451
475.585, 21.4451
476.618, 21.4451
477.618, 21.4451
478.701, 21.4451
479.614, 21.4451
480.593, 21.4451
481.649, 21.4451
482.841, 21.4451
483.676, 21.4451
484.632, 21.4451
485.586, 21.4451
486.678, 21.4451
487.608, 21.4451
488.651, 21.4451
490.584, 21.4451
491.709, 21.4451
492.662, 21.4451
495.837, 21.4451
496.583, 0
497.583, 0
503.33, 21.4451
503.355, 21.4451
504.83, 21.4451
505.463, 21.4451
506.403, 21.4451
507.385, 21.4451
508.83, 21.4451
509.459, 21.4451
510.476, 21.4451
511.708, 21.4451
512.374, 21.4451
513.366, 21.4451
514.622, 21.4451
515.574, 21.4451
516.453, 21.4451
517.344, 21.4451
518.434, 21.4451
519.356, 21.4451
520.517, 21.4451
521.83, 21.4451
522.716, 21.4451
523.349, 21.4451
524.484, 21.4451
525.403, 21.4451
527.374, 21.4451
528.453, 21.4451
530.357, 21.4451
531.83, 21.4451
532.398, 21.4451
533.468, 21.4451
535.33, 0
536.33, 0
540, 0
557.099, 0
720.108, 46.0858
720.174, 46.0858
721.327, 46.0858
722.135, 46.0858
723.263, 46.0858
724.145, 46.0858
725.205, 46.0858
726.279, 46.0858
727.227, 46.0858
728.121, 46.0858
729.178, 46.0858
730.119, 46.0858
731.136, 46.0858
732.405, 46.0858
733.167, 46.0858
734.181, 46.0858
735.26, 46.0858
736.144, 46.0858
737.182, 46.0858
738.117, 46.0858
739.251, 46.0858
740.125, 46.0858
741.283, 46.0858
742.155, 46.0858
743.608, 46.0858
744.234, 46.0858
745.152, 46.0858
746.206, 46.0858
747.188, 46.0858
748.177, 46.0858
749.134, 46.0858
750.17, 46.0858
751.207, 46.0858
752.22, 46.0858
753.119, 46.0858
754.194, 46.0858
755.146, 46.0858
756.128, 46.0858
757.137, 46.0858
758.154, 46.0858
759.24, 46.0858
760.186, 46.0858
761.199, 46.0858
762.192, 46.0858
763.608, 46.0858
764.178, 46.0858
765.123, 46.0858
766.227, 46.0858
767.115, 46.0858
768.247, 46.0858
769.189, 46.0858
770.156, 46.0858
771.112, 46.0858
772.179, 46.0858
773.199, 46.0858
774.16, 46.0858
775.141, 46.0858
776.426, 46.0858
777.128, 46.0858
778.116, 46.0858
779.456, 46.0858
780.278, 46.0858
781.13, 46.0858
782.128, 46.0858
783.122, 46.0858
784.13, 46.0858
785.168, 46.0858
786.608, 46.0858
787.159, 46.0858
788.113, 46.0858
789.119, 46.0858
790.214, 46.0858
791.129, 46.0858
792.141, 46.0858
793.126, 46.0858
794.153, 46.0858
795.132, 46.0858
796.376, 46.0858
797.208, 46.0858
798.406, 46.0858
799.132, 46.0858
800.166, 46.0858
801.218, 46.0858
802.122, 46.0858
803.16, 46.0858
804.251, 46.0858
805.205, 46.0858
806.21, 46.0858
807.113, 46.0858
808.231, 46.0858
809.148, 46.0858
810.232, 46.0858
811.158, 46.0858
812.201, 46.0858
813.243, 46.0858
814.413, 46.0858
815.112, 46.0858
816.15, 46.0858
817.409, 46.0858
818.196, 46.0858
819.201, 46.0858
820.27, 46.0858
821.195, 46.0858
822.113, 46.0858
823.297, 46.0858
824.218, 46.0858
825.19, 46.0858
826.174, 46.0858
828.258, 46.0858
829.125, 46.0858
830.358, 46.0858
834.225, 46.0858
835.284, 46.0858
836.108, 0
836.247, 46.0858
836.293, 46.0858
837.747, 46.0858
838.318, 46.0858
839.291, 46.0858
840.256, 46.0858
841.286, 46.0858
842.261, 46.0858
843.406, 46.0858
844.277, 46.0858
845.264, 46.0858
846.259, 46.0858
847.259, 46.0858
848.311, 46.0858
849.305, 46.0858
850.347, 46.0858
851.386, 46.0858
852.41, 46.0858
853.422, 46.0858
854.552, 46.0858
855.304, 46.0858
856.336, 46.0858
857.248, 46.0858
858.369, 46.0858
859.266, 46.0858
860.322, 46.0858
861.289, 46.0858
862.271, 46.0858
863.329, 46.0858
864.265, 46.0858
865.383, 46.0858
866.263, 46.0858
867.297, 46.0858
868.391, 46.0858
869.256, 46.0858
870.339, 46.0858
871.371, 46.0858
872.325, 46.0858
873.438, 46.0858
874.318, 46.0858
875.266, 46.0858
876.279, 46.0858
877.277, 46.0858
878.305, 46.0858
879.424, 46.0858
880.283, 46.0858
881.747, 46.0858
882.251, 46.0858
883.378, 46.0858
884.293, 46.0858
885.3, 46.0858
886.303, 46.0858
887.374, 46.0858
888.337, 46.0858
889.284, 46.0858
890.38, 46.0858
891.401, 46.0858
892.747, 46.0858
893.44, 46.0858
894.277, 46.0858
895.248, 46.0858
896.296, 46.0858
897.338, 46.0858
898.34, 46.0858
899.356, 46.0858
900, 8.78955
900.378, 8.78955
901.336, 8.78955
902.298, 8.78955
903.31, 8.78955
904.25, 8.78955
905.324, 8.78955
906.747, 8.78955
907.747, 8.78955
908.288, 8.78955
909.259, 8.78955
910.421, 8.78955
911.249, 8.78955
912.25, 8.78955
913.253, 8.78955
914.405, 8.78955
915.293, 8.78955
916.249, 8.78955
917.319, 8.78955
918.326, 8.78955
919.294, 8.78955
920.282, 8.78955
921.326, 8.78955
922.278, 8.78955
923.291, 8.78955
924.275, 8.78955
926.331, 8.78955
927.359, 8.78955
928.283, 8.78955
929.297, 8.78955
930.498, 8.78955
931.304, 8.78955
932.338, 8.78955
933.375, 8.78955
934.247, 0
935.247, 0
944.049, 8.78955
944.104, 8.78955
945.166, 8.78955
946.149, 8.78955
947.166, 8.78955
948.103, 8.78955
949.171, 8.78955
950.123, 8.78955
951.116, 8.78955
952.097, 8.78955
953.051, 8.78955
954.066, 8.78955
955.272, 8.78955
956.159, 8.78955
957.062, 8.78955
958.131, 8.78955
959.141, 8.78955
960.114, 8.78955
961.124, 8.78955
962.049, 0
963.049, 0
969.462, 8.78955
969.466, 8.78955
970.577, 8.78955
971.555, 8.78955
972.513, 8.78955
973.483, 8.78955
974.482, 8.78955
975.464, 8.78955
977.593, 8.78955
978.495, 8.78955
979.962, 8.78955
980.474, 8.78955
982.478, 8.78955
984.462, 0
985.462, 0
989.839, 8.78955
989.984, 8.78955
990.906, 8.78955
992.22, 8.78955
992.857, 8.78955
994.057, 8.78955
995.052, 8.78955
995.863, 8.78955
997.875, 8.78955
998.906, 8.78955
999.845, 8.78955
1000.89, 8.78955
1001.91, 8.78955
1002.86, 8.78955
1003.9, 8.78955
1004.84, 0
1005.84, 0
1019.89, 8.78955
1019.92, 8.78955
1021.26, 8.78955
1022, 8.78955
1023.06, 8.78955
1023.91, 8.78955
1025.04, 8.78955
1026.39, 8.78955
1026.98, 8.78955
1027.94, 8.78955
1029.26, 8.78955
1029.94, 8.78955
1031.15, 8.78955
1031.93, 8.78955
1032.94, 8.78955
1033.9, 8.78955
1034.89, 0
1035.28, 8.78955
1035.52, 8.78955
1036.39, 8.78955
1037.58, 8.78955
1038.34, 8.78955
1039.46, 8.78955
1040.35, 8.78955
1041.38, 8.78955
1042.43, 8.78955
1043.4, 8.78955
1044.4, 8.78955
1045.33, 8.78955
1046.32, 8.78955
1048.44, 8.78955
1049.54, 8.78955
1050.32, 8.78955
1051.39, 8.78955
1052.33, 8.78955
1053.29, 8.78955
1054.28, 0
1055.28, 0
1059.42, 8.78955
1059.43, 8.78955
1060.6, 8.78955
1061.45, 8.78955
1062.46, 8.78955
1063.57, 8.78955
1064.53, 8.78955
1065.68, 8.78955
1066.45, 8.78955
1067.46, 8.78955
1068.46, 8.78955
1069.43, 8.78955
1071.48, 8.78955
1072.92, 8.78955
1073.51, 8.78955
1074.44, 8.78955
1076.51, 8.78955
1077.43, 8.78955
1078.47, 8.78955
1079.42, 0
1080, 0
1088.48, 0
1260.11, 32.082
1260.19, 32.082
1261.31, 32.082
1262.18, 32.082
1263.11, 32.082
1264.19, 32.082
1265.28, 32.082
1266.17, 32.082
1267.29, 32.082
1268.24, 32.082
1269.61, 32.082
1270.3, 32.082
1271.15, 32.082
1272.2, 32.082
1273.12, 32.082
1274.28, 32.082
1275.15, 32.082
1276.12, 32.082
1277.13, 32.082
1278.14, 32.082
1279.37, 32.082
1280.14, 32.082
1281.27, 32.082
1282.16, 32.082
1283.61, 32.082
1284.17, 32.082
1285.36, 32.082
1286.15, 32.082
1287.11, 32.082
1288.24, 32.082
1289.19, 32.082
1290.26, 32.082
1291.17, 32.082
1292.13, 32.082
1293.12, 32.082
1294.22, 32.082
1295.22, 32.082
1296.17, 32.082
1297.13, 32.082
1298.22, 32.082
1299.23, 32.082
1300.12, 32.082
1301.26, 32.082
1302.61, 32.082
1303.26, 32.082
1304.61, 32.082
1305.21, 32.082
1306.16, 32.082
1307.45, 32.082
1308.25, 32.082
1309.4, 32.082
1310.14, 32.082
1311.25, 32.082
1312.12, 32.082
1313.11, 32.082
1314.16, 32.082
1315.56, 32.082
1316.24, 32.082
1317.61, 32.082
1318.32, 32.082
1319.11, 32.082
1320.22, 32.082
1321.11, 32.082
1322.2, 32.082
1323.21, 32.082
1324.16, 32.082
1325.27, 32.082
1326.13, 32.082
1327.49, 32.082
1328.16, 32.082
1329.12, 32.082
1330.13, 32.082
1331.33, 32.082
1332.28, 32.082
1333.13, 32.082
1334.13, 32.082
1335.3, 32.082
1336.15, 32.082
1337.14, 32.082
1338.22, 32.082
1339.47, 32.082
1340.17, 32.082
1341.38, 32.082
1342.34, 32.082
1343.61, 32.082
1344.4, 32.082
1345.15, 32.082
1346.22, 32.082
1347.29, 32.082
1348.43, 32.082
1349.12, 32.082
1350.54, 32.082
1351.12, 32.082
1352.53, 32.082
1353.26, 32.082
1354.41, 32.082
1355.13, 32.082
1356.27, 32.082
1357.61, 32.082
1358.31, 32.082
1359.46, 32.082
1360.26, 32.082
1361.2, 32.082
1362.13, 32.082
1363.13, 32.082
1364.14, 32.082
1365.21, 32.082
1366.11, 32.082
1367.14, 32.082
1368.28, 32.082
1369.11, 32.082
1370.17, 32.082
1371.12, 32.082
1372.13, 32.082
1373.2, 32.082
1374.13, 32.082
1375.31, 32.082
1376.17, 32.082
1377.18, 32.082
1378.12, 32.082
1379.17, 32.082
1380.18, 32.082
1381.11, 32.082
1382.57, 32.082
1383.11, 32.082
1384.29, 32.082
1385.4, 32.082
1386.21, 32.082
1387.16, 32.082
1388.18, 32.082
1389.22, 32.082
1390.35, 32.082
1391.12, 32.082
1392.13, 32.082
1393.21, 32.082
1394.14, 32.082
1395.39, 32.082
1396.23, 32.082
1397.12, 32.082
1398.23, 32.082
1399.12, 32.082
1400.16, 32.082
1401.13, 32.082
1402.23, 32.082
1403.43, 32.082
1404.11, 32.082
1405.22, 32.082
1406.14, 32.082
1407.11, 32.082
1408.22, 32.082
1409.21, 32.082
1410.22, 32.082
1411.14, 32.082
1412.12, 32.082
1413.4, 32.082
1414.33, 32.082
1415.29, 32.082
1416.28, 32.082
1417.22, 32.082
1418.17, 32.082
1419.46, 32.082
1420.11, 32.082
1421.18, 32.082
1422.15, 32.082
1423.31, 32.082
1424.19, 32.082
1425.61, 32.082
1426.28, 32.082
1427.31, 32.082
1428.23, 32.082
1429.12, 32.082
1430.16, 32.082
1431.12, 32.082
1432.12, 32.082
1433.16, 32.082
1434.11, 32.082
1435.26, 32.082
1436.21, 32.082
1437.61, 32.082
1438.15, 32.082
1439.61, 32.082
1440.01, 86.2928
1440.12, 86.2928
1441.45, 86.2928
1442.28, 86.2928
1443.19, 86.2928
1444.22, 86.2928
1445.27, 86.2928
1446.15, 86.2928
1447.2, 86.2928
1448.12, 86.2928
1449.13, 86.2928
1450.11, 86.2928
1451.19, 86.2928
1452.24, 86.2928
1453.25, 86.2928
1454.13, 86.2928
1455.16, 86.2928
1456.19, 86.2928
1457.28, 86.2928
1458.2, 86.2928
1459.61, 86.2928
1460.54, 86.2928
1461.2, 86.2928
1462.19, 86.2928
1463.25, 86.2928
1464.61, 86.2928
1465.15, 86.2928
1466.12, 86.2928
1467.14, 86.2928
1468.35, 86.2928
1469.15, 86.2928
1470.44, 86.2928
1471.13, 86.2928
1472.39, 86.2928
1473.13, 86.2928
1474.17, 86.2928
1475.24, 86.2928
1476.29, 86.2928
1477.12, 86.2928
1478.52, 86.2928
1479.12, 86.2928
1480.16, 86.2928
1481.61, 86.2928
1482.42, 86.2928
1483.15, 86.2928
1484.13, 86.2928
1485.28, 86.2928
1486.16, 86.2928
1487.16, 86.2928
1488.14, 86.2928
1489.16, 86.2928
1490.28, 86.2928
1491.17, 86.2928
1492.22, 86.2928
1493.15, 86.2928
1494.38, 86.2928
1495.23, 86.2928
1496.13, 86.2928
1497.15, 86.2928
1498.26, 86.2928
1499.15, 86.2928
1500.14, 86.2928
1501.21, 86.2928
1502.61, 86.2928
1503.14, 86.2928
1504.16, 86.2928
1505.15, 86.2928
1506.33, 86.2928
1507.34, 86.2928
1508.28, 86.2928
1509.16, 86.2928
1510.27, 86.2928
1511.21, 86.2928
1512.22, 86.2928
1513.32, 86.2928
1514.22, 86.2928
1515.38, 86.2928
1516.61, 86.2928
1517.37, 86.2928
1518.14, 86.2928
1519.11, 86.2928
1520.14, 86.2928
1521.14, 86.2928
1522.22, 86.2928
1523.14, 86.2928
1524.53, 86.2928
1525.11, 86.2928
1526.24, 86.2928
1527.13, 86.2928
1528.37, 86.2928
1529.11, 86.2928
1530.29, 86.2928
1531.13, 86.2928
1532.29, 86.2928
1533.22, 86.2928
1534.14, 86.2928
1535.23, 86.2928
1536.19, 86.2928
1537.61, 86.2928
1538.48, 86.2928
1539.25, 86.2928
1540.11, 86.2928
1541.21, 86.2928
1542.17, 86.2928
1543.14, 86.2928
1544.12, 86.2928
1545.12, 86.2928
1546.23, 86.2928
1547.26, 86.2928
1548.29, 86.2928
1549.14, 86.2928
1550.18, 86.2928
1551.11, 86.2928
1552.12, 86.2928
1553.23, 86.2928
1554.11, 86.2928
1555.2, 86.2928
1556.12, 86.2928
1557.2, 86.2928
1558.17, 86.2928
1559.15, 86.2928
1560.15, 86.2928
1561.5, 86.2928
1562.32, 86.2928
1563.14, 86.2928
1564.33, 86.2928
1565.17, 86.2928
1566.18, 86.2928
1567.61, 86.2928
1568.12, 86.2928
1569.22, 86.2928
1570.21, 86.2928
1571.61, 86.2928
1572.12, 86.2928
1573.26, 86.2928
1574.18, 86.2928
1575.16, 86.2928
1576.11, 86.2928
1577.19, 86.2928
1578.14, 86.2928
1579.17, 86.2928
1580.14, 86.2928
1581.61, 86.2928
1582.15, 86.2928
1583.22, 86.2928
1584.2, 86.2928
1585.29, 86.2928
1586.4, 86.2928
1587.15, 86.2928
1588.22, 86.2928
1589.21, 86.2928
1590.11, 86.2928
1591.15, 86.2928
1592.15, 86.2928
1593.12, 86.2928
1594.18, 86.2928
1595.27, 86.2928
1596.13, 86.2928
1597.61, 86.2928
1598.19, 86.2928
1599.61, 86.2928
1600.35, 86.2928
1601.19, 86.2928
1602.18, 86.2928
1603.17, 86.2928
1604.12, 86.2928
1605.13, 86.2928
1606.21, 86.2928
1607.11, 86.2928
1608.28, 86.2928
1609.24, 86.2928
1610.41, 86.2928
1611.17, 86.2928
1612.23, 86.2928
1613.14, 86.2928
1614.61, 86.2928
1615.24, 86.2928
1616.2, 86.2928
1617.17, 86.2928
1618.29, 86.2928
1619.34, 86.2928
1620.12, 0.889978
1621.21, 0.889978
1622.2, 0.889978
1623.18, 0.889978
1624.31, 0.889978
1625.15, 0.889978
1626.12, 0.889978
1627.3, 0.889978
1628.34, 0.889978
1629.13, 0.889978
1630.3, 0.889978
1631.12, 0.889978
1632.24, 0.889978
1633.16, 0.889978
1634.45, 0.889978
1635, 0
1640.46, 0
1800.05, 8.94802
1800.09, 8.94802
1801.35, 8.94802
1802.1, 8.94802
1803.06, 8.94802
1804.05, 8.94802
1805.42, 8.94802
1806.17, 8.94802
1807.17, 8.94802
1808.1, 8.94802
1809.05, 8.94802
1810.06, 8.94802
1811.06, 8.94802
1812.22, 8.94802
1813.22, 8.94802
1814.07, 8.94802
1815.15, 8.94802
1816.22, 8.94802
1817.11, 8.94802
1818.13, 8.94802
1821.08, 8.94802
1822.21, 8.94802
1824.13, 8.94802
1825.15, 8.94802
1826.13, 8.94802
1827.24, 8.94802
1828.05, 0
1829.05, 0
1852.12, 8.94802
1852.62, 8.94802
1853.13, 8.94802
1854.27, 8.94802
1855.27, 8.94802
1856.31, 8.94802
1857.17, 8.94802
1858.13, 8.94802
1859.23, 8.94802
1860.15, 8.94802
1861.21, 8.94802
1862.3, 8.94802
1866.2, 8.94802
1867.13, 8.94802
1868.15, 8.94802
1869.27, 8.94802
1870.13, 8.94802
1871.19, 8.94802
1872.12, 0
1873.12, 0
1892.52, 8.94802
1892.53, 8.94802
1893.66, 8.94802
1894.66, 8.94802
1895.57, 8.94802
1896.66, 8.94802
1897.62, 8.94802
1898.76, 8.94802
1899.57, 8.94802
1900.58, 8.94802
1902.02, 8.94802
1902.56, 8.94802
1903.55, 8.94802
1904.63, 8.94802
1905.55, 8.94802
1906.53, 8.94802
1907.83, 8.94802
1908.63, 8.94802
1909.6, 8.94802
1910.63, 8.94802
1911.55, 8.94802
1912.56, 8.94802
1913.56, 8.94802
1914.54, 8.94802
1916.62, 8.94802
1917.58, 8.94802
1918.52, 0
1919.52, 0
1932.41, 8.94802
1932.46, 8.94802
1933.52, 8.94802
1934.62, 8.94802
1935.43, 8.94802
1936.52, 8.94802
1937.49, 8.94802
1939.66, 8.94802
1940.49, 8.94802
1941.49, 8.94802
1942.91, 8.94802
1943.51, 8.94802
1944.5, 8.94802
1945.91, 8.94802
1947.41, 0
1947.67, 8.94802
1947.83, 8.94802
1948.81, 8.94802
1949.71, 8.94802
1950.85, 8.94802
1951.72, 8.94802
1952.77, 8.94802
1953.93, 8.94802
1956.69, 8.94802
1957.75, 8.94802
1959.71, 8.94802
1962.91, 8.94802
1963.67, 0
1964.67, 0
1980, 0
1981.58, 71.126
1981.67, 71.126
1982.71, 71.126
1983.65, 71.126
1984.67, 71.126
1985.8, 71.126
1986.6, 71.126
1987.68, 71.126
1988.61, 71.126
1990.08, 71.126
1990.83, 71.126
1991.91, 71.126
1992.62, 71.126
1993.65, 71.126
1994.68, 71.126
1995.6, 71.126
1996.64, 71.126
1997.7, 71.126
1998.76, 71.126
1999.66, 71.126
2000.63, 71.126
2001.89, 71.126
2002.65, 71.126
2003.6, 71.126
2004.88, 71.126
2005.69, 71.126
2006.62, 71.126
2007.75, 71.126
2008.7, 71.126
2009.67, 71.126
2010.66, 71.126
2011.61, 71.126
2012.63, 71.126
2013.63, 71.126
2014.61, 71.126
2015.6, 71.126
2016.6, 71.126
2017.89, 71.126
2018.62, 71.126
2019.58, 71.126
2020.59, 71.126
2021.59, 71.126
2022.66, 71.126
2023.6, 71.126
2024.68, 71.126
2026.08, 71.126
2026.87, 71.126
2027.59, 71.126
2028.62, 71.126
2029.59, 71.126
2030.68, 71.126
2031.67, 71.126
2032.59, 71.126
2033.62, 71.126
2034.65, 71.126
2035.63, 71.126
2036.66, 71.126
2037.63, 71.126
2038.61, 71.126
2039.59, 71.126
2040.7, 71.126
2041.59, 71.126
2042.76, 71.126
2043.65, 71.126
2045.01, 71.126
2045.67, 71.126
2046.65, 71.126
2047.65, 71.126
2048.59, 71.126
2049.67, 71.126
2050.62, 71.126
2051.6, 71.126
2052.79, 71.126
2053.63, 71.126
2054.71, 71.126
2055.61, 71.126
2056.61, 71.126
2057.9, 71.126
2058.82, 71.126
2059.78, 71.126
2060.63, 71.126
2061.63, 71.126
2063.08, 71.126
2063.61, 71.126
2064.81, 71.126
2065.61, 71.126
2066.79, 71.126
2067.6, 71.126
2068.61, 71.126
2069.68, 71.126
2070.63, 71.126
2071.9, 71.126
2072.63, 71.126
2073.61, 71.126
2074.68, 71.126
2075.67, 71.126
2076.6, 71.126
2077.66, 71.126
2078.6, 71.126
2080.08, 71.126
2080.63, 71.126
2081.69, 71.126
2082.75, 71.126
2083.6, 71.126
2084.64, 71.126
2085.91, 71.126
2086.76, 71.126
2087.81, 71.126
2088.66, 71.126
2089.76, 71.126
2090.76, 71.126
2092.08, 71.126
2093, 71.126
2093.64, 71.126
2094.88, 71.126
2095.7, 71.126
2096.66, 71.126
2097.61, 71.126
2098.61, 71.126
2099.69, 71.126
2100.62, 71.126
2101.61, 71.126
2102.59, 71.126
2104.08, 71.126
2104.69, 71.126
2105.7, 71.126
2106.63, 71.126
2107.72, 71.126
2108.61, 71.126
2109.6, 71.126
2110.84, 71.126
2111.95, 71.126
2112.6, 71.126
2113.62, 71.126
2114.7, 71.126
2116.08, 71.126
2117.08, 71.126
2117.59, 71.126
2118.68, 71.126
2119.59, 71.126
2120.81, 71.126
2121.6, 71.126
2122.75, 71.126
2123.74, 71.126
2124.6, 71.126
2125.61, 71.126
2127.08, 71.126
2127.66, 71.126
2128.6, 71.126
2129.83, 71.126
2130.81, 71.126
2131.73, 71.126
2132.63, 71.126
2133.71, 71.126
2134.91, 71.126
2135.62, 71.126
2136.76, 71.126
2137.61, 71.126
2138.7, 71.126
2139.83, 71.126
2140.67, 71.126
2141.58, 71.126
2142.65, 71.126
2143.66, 71.126
2144.61, 71.126
2145.61, 71.126
2147.08, 71.126
2147.73, 71.126
2148.72, 71.126
2149.59, 71.126
2150.68, 71.126
2151.7, 71.126
2152.64, 71.126
2153.82, 71.126
2154.67, 71.126
2155.69, 71.126
2156.62, 71.126
2157.61, 71.126
2158.69, 71.126
2159.59, 71.126
2160.04, 19.2942
2160.76, 19.2942
2161.59, 19.2942
2162.63, 19.2942
2163.76, 19.2942
2164.58, 19.2942
2165.7, 19.2942
2166.83, 19.2942
2167.62, 19.2942
2168.66, 19.2942
2169.6, 19.2942
2170.81, 19.2942
2171.6, 19.2942
2172.59, 19.2942
2174.08, 19.2942
2174.75, 19.2942
2175.6, 19.2942
2176.59, 19.2942
2177.6, 19.2942
2178.66, 19.2942
2179.65, 19.2942
2180.67, 19.2942
2181.59, 19.2942
2182.69, 19.2942
2183.72, 19.2942
2184.66, 19.2942
2185.59, 19.2942
2186.63, 19.2942
2187.78, 19.2942
2188.72, 19.2942
2189.61, 19.2942
2190.79, 19.2942
2191.62, 19.2942
2192.61, 19.2942
2194.08, 19.2942
2194.69, 19.2942
2195.73, 19.2942
2196.66, 19.2942
2197.68, 19.2942
2198.78, 19.2942
2199.7, 19.2942
2200.62, 19.2942
2202.63, 19.2942
2204.08, 19.2942
2204.66, 19.2942
2205.58, 0
2206.58, 0
2220.35, 19.2942
2220.49, 19.2942
2221.4, 19.2942
2222.41, 19.2942
2223.35, 19.2942
2224.38, 19.2942
2225.47, 19.2942
2226.41, 19.2942
2227.38, 19.2942
2228.51, 19.2942
2229.56, 19.2942
2230.36, 19.2942
2231.4, 19.2942
2232.7, 19.2942
2233.42, 19.2942
2234.42, 19.2942
2235.75, 19.2942
2236.37, 19.2942
2237.45, 19.2942
2238.42, 19.2942
2239.53, 19.2942
2240.36, 19.2942
2241.43, 19.2942
2242.49, 19.2942
2243.4, 19.2942
2244.49, 19.2942
2245.48, 19.2942
2246.47, 19.2942
2247.61, 19.2942
2249.36, 19.2942
2250.45, 19.2942
2251.43, 19.2942
2252.37, 19.2942
2253.41, 19.2942
2257.35, 0
2258.35, 0
2281.09, 19.2942
2281.09, 19.2942
2282.18, 19.2942
2283.13, 19.2942
2284.11, 19.2942
2285.16, 19.2942
2286.09, 19.2942
2287.09, 19.2942
2288.1, 19.2942
2289.14, 19.2942
2290.38, 19.2942
2291.12, 19.2942
2292.2, 19.2942
2293.14, 19.2942
2294.34, 19.2942
2295.1, 19.2942
2296.15, 19.2942
2297.18, 19.2942
2298.1, 19.2942
2299.1, 19.2942
2300.59, 19.2942
2301.25, 19.2942
2302.11, 19.2942
2303.09, 19.2942
2304.27, 19.2942
2305.59, 19.2942
2306.15, 19.2942
2307.13, 19.2942
2308.59, 19.2942
2309.59, 19.2942
2311.2, 19.2942
2312.13, 19.2942
2313.11, 19.2942
2314.1, 19.2942
2316.16, 19.2942
2317.29, 19.2942
2318.1, 19.2942
2319.09, 0
2320.09, 0
2325.74, 19.2942
2325.81, 19.2942
2326.8, 19.2942
2327.77, 19.2942
2328.77, 19.2942
2329.96, 19.2942
2330.92, 19.2942
2331.81, 19.2942
2334.01, 19.2942
2335.91, 19.2942
2337.81, 19.2942
2338.8, 19.2942
2340.06, 7.89628
2340.88, 7.89628
2341.74, 0
2342.74, 0
2356.24, 7.89628
2356.33, 7.89628
2357.26, 7.89628
2358.47, 7.89628
2359.26, 7.89628
2360.31, 7.89628
2361.28, 7.89628
2362.26, 7.89628
2363.39, 7.89628
2364.3, 7.89628
2365.74, 7.89628
2366.39, 7.89628
2367.4, 7.89628
2368.37, 7.89628
2369.38, 7.89628
2370.69, 7.89628
2371.49, 7.89628
2372.29, 7.89628
2373.36, 7.89628
2375.4, 7.89628
2376.27, 7.89628
2377.25, 7.89628
2378.34, 7.89628
2379.33, 7.89628
2380.31, 7.89628
2381.24, 0
2382.24, 0
2395.38, 0
2520.2, 35.71
2520.2, 35.71
2521.48, 35.71
2522.32, 35.71
2523.22, 35.71
2524.2, 35.71
2525.27, 35.71
2526.7, 35.71
2527.27, 35.71
2528.37, 35.71
2529.3, 35.71
2530.31, 35.71
2531.21, 35.71
2532.2, 35.71
2533.42, 35.71
2534.46, 35.71
2535.59, 35.71
2536.29, 35.71
2537.34, 35.71
2538.33, 35.71
2539.48, 35.71
2540.26, 35.71
2541.31, 35.71
2542.26, 35.71
2543.29, 35.71
2544.21, 35.71
2545.36, 35.71
2546.38, 35.71
2547.23, 35.71
2548.2, 35.71
2549.23, 35.71
2550.29, 35.71
2551.21, 35.71
2552.3, 35.71
2553.43, 35.71
2554.26, 35.71
2555.21, 35.71
2556.6, 35.71
2557.31, 35.71
2558.28, 35.71
2559.23, 35.71
2560.2, 35.71
2561.2, 35.71
2562.7, 35.71
2563.25, 35.71
2564.27, 35.71
2565.58, 35.71
2566.23, 35.71
2567.3, 35.71
2568.36, 35.71
2569.22, 35.71
2570.29, 35.71
2571.23, 35.71
2572.27, 35.71
2573.28, 35.71
2574.41, 35.71
2575.44, 35.71
2576.31, 35.71
2577.27, 35.71
2578.7, 35.71
2579.25, 35.71
2580.22, 35.71
2581.33, 35.71
2582.23, 35.71
2583.33, 35.71
2584.39, 35.71
2585.28, 35.71
2586.23, 35.71
2587.7, 35.71
2588.25, 35.71
2589.2, 35.71
2590.29, 35.71
2591.22, 35.71
2592.21, 35.71
2593.27, 35.71
2594.21, 35.71
2595.26, 35.71
2596.41, 35.71
2597.3, 35.71
2598.31, 35.71
2599.31, 35.71
2600.7, 35.71
2601.5, 35.71
2602.2, 35.71
2603.2, 35.71
2604.22, 35.71
2605.32, 35.71
2606.24, 35.71
2607.23, 35.71
2608.25, 35.71
2609.43, 35.71
2610.32, 35.71
2611.22, 35.71
2612.37, 35.71
2613.2, 35.71
2614.41, 35.71
2615.22, 35.71
2616.22, 35.71
2617.22, 35.71
2618.25, 35.71
2619.36, 35.71
2620.23, 35.71
2621.32, 35.71
2622.33, 35.71
2623.45, 35.71
2624.42, 35.71
2625.3, 35.71
2626.23, 35.71
2627.3, 35.71
2628.2, 35.71
2629.23, 35.71
2630.26, 35.71
2631.21, 35.71
2632.34, 35.71
2633.23, 35.71
2634.34, 35.71
2635.23, 35.71
2636.22, 35.71
2637.2, 35.71
2638.22, 35.71
2639.3, 35.71
2640.48, 35.71
2641.7, 35.71
2642.24, 35.71
2643.23, 35.71
2644.35, 35.71
2645.27, 35.71
2646.22, 35.71
2647.31, 35.71
2648.2, 35.71
2649.25, 35.71
2650.27, 35.71
2651.25, 35.71
2652.32, 35.71
2653.51, 35.71
2654.29, 35.71
2655.22, 35.71
2656.24, 35.71
2657.23, 35.71
2658.39, 35.71
2659.4, 35.71
2660.39, 35.71
2661.25, 35.71
2662.4, 35.71
2663.7, 35.71
2664.24, 35.71
2665.47, 35.71
2666.22, 35.71
2667.28, 35.71
2668.26, 35.71
2669.26, 35.71
2670.25, 35.71
2671.22, 35.71
2672.2, 35.71
2673.52, 35.71
2674.25, 35.71
2675.23, 35.71
2676.28, 35.71
2677.22, 35.71
2678.33, 35.71
2679.27, 35.71
2680.24, 35.71
2681.21, 35.71
2682.24, 35.71
2683.26, 35.71
2684.42, 35.71
2685.22, 35.71
2686.36, 35.71
2687.25, 35.71
2688.27, 35.71
2689.21, 35.71
2690.51, 35.71
2691.27, 35.71
2692.23, 35.71
2693.22, 35.71
2694.3, 35.71
2695.24, 35.71
2696.33, 35.71
2697.25, 35.71
2698.27, 35.71
2699.63, 35.71
2700.07, 49.0065
2700.25, 49.0065
2701.34, 49.0065
2702.3, 49.0065
2703.23, 49.0065
2704.36, 49.0065
2705.2, 49.0065
2706.31, 49.0065
2707.21, 49.0065
2708.38, 49.0065
2709.31, 49.0065
2710.22, 49.0065
2711.38, 49.0065
2712.3, 49.0065
2713.31, 49.0065
2714.3, 49.0065
2715.39, 49.0065
2716.27, 49.0065
2717.28, 49.0065
2718.43, 49.0065
2719.39, 49.0065
2720.22, 49.0065
2721.41, 49.0065
2722.29, 49.0065
2723.28, 49.0065
2724.2, 49.0065
2725.2, 49.0065
2726.25, 49.0065
2727.2, 49.0065
2728.26, 49.0065
2729.2, 49.0065
2730.39, 49.0065
2731.27, 49.0065
2732.68, 49.0065
2733.29, 49.0065
2734.27, 49.0065
2735.24, 49.0065
2736.26, 49.0065
2737.7, 49.0065
2738.32, 49.0065
2739.48, 49.0065
2740.23, 49.0065
2741.21, 49.0065
2742.25, 49.0065
2743.3, 49.0065
2744.29, 49.0065
2745.23, 49.0065
2746.33, 49.0065
2747.23, 49.0065
2748.25, 49.0065
2749.34, 49.0065
2750.29, 49.0065
2751.2, 49.0065
2752.21, 49.0065
2753.2, 49.0065
2754.37, 49.0065
2755.22, 49.0065
2756.26, 49.0065
2757.22, 49.0065
2758.25, 49.0065
2759.2, 49.0065
2760.56, 49.0065
2761.2, 49.0065
2762.27, 49.0065
2763.3, 49.0065
2764.2, 49.0065
2765.35, 49.0065
2766.28, 49.0065
2767.31, 49.0065
2768.27, 49.0065
2769.23, 49.0065
2770.46, 49.0065
2771.35, 49.0065
2772.21, 49.0065
2773.7, 49.0065
2774.42, 49.0065
2775.22, 49.0065
2776.21, 49.0065
2777.24, 49.0065
2778.27, 49.0065
2779.36, 49.0065
2780.33, 49.0065
2781.26, 49.0065
2782.22, 49.0065
2783.21, 49.0065
2784.22, 49.0065
2785.29, 49.0065
2786.35, 49.0065
2787.25, 49.0065
2788.2, 49.0065
2789.7, 49.0065
2790.42, 49.0065
2791.48, 49.0065
2792.42, 49.0065
2793.41, 49.0065
2794.3, 49.0065
2795.29, 49.0065
2796.22, 49.0065
2797.23, 49.0065
2798.35, 49.0065
2801.26, 49.0065
2803.23, 49.0065
2804.2, 49.0065
2807.22, 49.0065
2808.2, 0
2809.2, 0
2819.94, 49.0065
2820.01, 49.0065
2821.01, 49.0065
2822.33, 49.0065
2823.19, 49.0065
2823.95, 49.0065
2825.13, 49.0065
2826.06, 49.0065
2827.12, 49.0065
2828.05, 49.0065
2829.03, 49.0065
2830.03, 49.0065
2831.26, 49.0065
2831.95, 49.0065
2833.08, 49.0065
2834.01, 49.0065
2835.07, 49.0065
2835.95, 49.0065
2837.44, 49.0065
2837.95, 49.0065
2839.02, 49.0065
2840.03, 49.0065
2841.02, 49.0065
2841.94, 49.0065
2842.95, 49.0065
2844.14, 49.0065
2845.03, 49.0065
2845.95, 49.0065
2846.96, 49.0065
2848.04, 49.0065
2849.28, 49.0065
2849.97, 49.0065
2851.07, 49.0065
2852.06, 49.0065
2853, 49.0065
2853.96, 49.0065
2855.02, 49.0065
2855.94, 49.0065
2857.02, 49.0065
2858.32, 49.0065
2859.16, 49.0065
2860.13, 49.0065
2861.4, 49.0065
2861.99, 49.0065
2862.94, 49.0065
2864.11, 49.0065
2864.95, 49.0065
2865.95, 49.0065
2867.44, 49.0065
2868.17, 49.0065
2869.1, 49.0065
2870.03, 49.0065
2871.01, 49.0065
2872.02, 49.0065
2873.05, 49.0065
2874.08, 49.0065
2874.95, 49.0065
2876.09, 49.0065
2877.07, 49.0065
2878.09, 49.0065
2879.19, 49.0065
2880.18, 14.2511
2880.99, 14.2511
2881.98, 14.2511
2882.99, 14.2511
2884.14, 14.2511
2885.08, 14.2511
2885.97, 14.2511
2887.24, 14.2511
2888.08, 14.2511
2888.95, 14.2511
2889.97, 14.2511
2891.94, 14.2511
2893, 14.2511
2895.23, 14.2511
2895.94, 14.2511
2899.15, 14.2511
2899.94, 0
2900.94, 0
2912.67, 14.2511
2912.69, 14.2511
2913.74, 14.2511
2914.74, 14.2511
2915.79, 14.2511
2916.7, 14.2511
2917.71, 14.2511
2918.93, 14.2511
2920.7, 14.2511
2921.82, 14.2511
2922.67, 14.2511
2923.7, 14.2511
2924.92, 14.2511
2925.72, 14.2511
2926.74, 14.2511
2927.67, 0
2928.67, 0
2935.56, 14.2511
2935.64, 14.2511
2936.78, 14.2511
2937.63, 14.2511
2938.57, 14.2511
2939.69, 14.2511
2940.69, 14.2511
2941.64, 14.2511
2942.6, 14.2511
2943.6, 14.2511
2944.71, 14.2511
2945.59, 14.2511
2946.59, 14.2511
2947.61, 14.2511
2948.62, 14.2511
2949.64, 14.2511
2950.61, 14.2511
2951.56, 14.2511
2952.57, 14.2511
2954.06, 14.2511
2954.7, 14.2511
2955.7, 14.2511
2956.58, 14.2511
2957.69, 14.2511
2958.84, 14.2511
2959.62, 14.2511
2961.82, 14.2511
2962.57, 14.2511
2963.62, 14.2511
2964.62, 14.2511
2966.64, 14.2511
2967.56, 0
2968.56, 0
2984.7, 14.2511
2984.84, 14.2511
2986.03, 14.2511
2986.77, 14.2511
2987.77, 14.2511
2988.76, 14.2511
2989.79, 14.2511
2990.75, 14.2511
2991.72, 14.2511
2992.88, 14.2511
2993.83, 14.2511
2994.99, 14.2511
2995.91, 14.2511
2996.82, 14.2511
2998.89, 14.2511
2999.82, 14.2511
3000.78, 14.2511
3001.77, 14.2511
3003.14, 14.2511
3003.79, 14.2511
3004.71, 14.2511
3005.73, 14.2511
3006.7, 0
3007.7, 0
3026.87, 14.2511
3027.02, 14.2511
3028.37, 14.2511
3029.03, 14.2511
3029.89, 14.2511
3031, 14.2511
3031.87, 14.2511
3032.9, 14.2511
3034.37, 14.2511
3034.9, 14.2511
3036.01, 14.2511
3036.87, 14.2511
3037.9, 14.2511
3039.08, 14.2511
3039.9, 14.2511
3041.14, 14.2511
3041.94, 14.2511
3043.01, 14.2511
3044.06, 14.2511
3045.16, 14.2511
3047.89, 14.2511
3049.89, 14.2511
3050.87, 0
3051.87, 0
3060, 0
3068, 89.8683
3068, 89.8683
3069.06, 89.8683
3070.18, 89.8683
3071.04, 89.8683
3072.01, 89.8683
3073, 89.8683
3074.14, 89.8683
3075.21, 89.8683
3076.04, 89.8683
3077.21, 89.8683
3078.1, 89.8683
3079.13, 89.8683
3080.1, 89.8683
3081.14, 89.8683
3082.08, 89.8683
3083.23, 89.8683
3084.12, 89.8683
3085.06, 89.8683
3086.13, 89.8683
3087.15, 89.8683
3088.5, 89.8683
3089.5, 89.8683
3090.16, 89.8683
3091.09, 89.8683
3092, 89.8683
3093.2, 89.8683
3094.15, 89.8683
3095.01, 89.8683
3096.02, 89.8683
3097.05, 89.8683
3098.05, 89.8683
3099.04, 89.8683
3100.03, 89.8683
3101.1, 89.8683
3102.03, 89.8683
3103.06, 89.8683
3104.09, 89.8683
3105.27, 89.8683
3106.05, 89.8683
3107.03, 89.8683
3108.01, 89.8683
3109.1, 89.8683
3110.15, 89.8683
3111.1, 89.8683
3112.24, 89.8683
3113.5, 89.8683
3114.06, 89.8683
3115.01, 89.8683
3116, 89.8683
3117.03, 89.8683
3118.15, 89.8683
3119.05, 89.8683
3120.16, 89.8683
3121.11, 89.8683
3122.11, 89.8683
3123.06, 89.8683
3124.29, 89.8683
3125.21, 89.8683
3126, 89.8683
3127.04, 89.8683
3128.17, 89.8683
3129.05, 89.8683
3130.08, 89.8683
3131.12, 89.8683
3132.1, 89.8683
3133.14, 89.8683
3134.21, 89.8683
3135.02, 89.8683
3136.05, 89.8683
3137.04, 89.8683
3138.06, 89.8683
3139.06, 89.8683
3140.13, 89.8683
3141.01, 89.8683
3142.07, 89.8683
3143.5, 89.8683
3144.14, 89.8683
3145.26, 89.8683
3146.06, 89.8683
3147.13, 89.8683
3148.01, 89.8683
3149.08, 89.8683
3150, 89.8683
3151.15, 89.8683
3152.05, 89.8683
3153.01, 89.8683
3154.21, 89.8683
3155.03, 89.8683
3156.5, 89.8683
3157.04, 89.8683
3158.24, 89.8683
3159.03, 89.8683
3160, 89.8683
3161.01, 89.8683
3162.09, 89.8683
3163.02, 89.8683
3164.02, 89.8683
3165.05, 89.8683
3166.07, 89.8683
3167.06, 89.8683
3168.03, 89.8683
3169.04, 89.8683
3170.01, 89.8683
3171, 89.8683
3172.13, 89.8683
3173.09, 89.8683
3174.27, 89.8683
3175.05, 89.8683
3176.28, 89.8683
3177.07, 89.8683
3178.08, 89.8683
3179.02, 89.8683
3180.05, 89.8683
3181.15, 89.8683
3182.11, 89.8683
3183, 89.8683
3184.2, 89.8683
3185.13, 89.8683
3186.11, 89.8683
3187, 89.8683
3188.02, 89.8683
3189.03, 89.8683
3190.06, 89.8683
3191.12, 89.8683
3192.05, 89.8683
3193.05, 89.8683
3194.17, 89.8683
3195.23, 89.8683
3196.01, 89.8683
3197.09, 89.8683
3198.22, 89.8683
3199.04, 89.8683
3200.02, 89.8683
3201, 89.8683
3202.5, 89.8683
3203.12, 89.8683
3204, 0
3205, 0
3210, 0
3220, 0
3234.12, 0
3240, 0
3245, 0
3255, 0
3255, 0
3420, 0
3425, 0
3435, 0
3436.03, 0
3600, 0
3605, 0
3615, 0
3628.81, 0
3780, 0
3785, 0
3795, 0
3805.84, 0
3960, 0
4140, 0
4145, 0
4155, 0
4155.71, 0
4320, 0
4325, 0
4335, 0
4335.15, 0
4500, 0
4680, 0
4685, 0
4695, 0
4695, 0
4860, 0
4865, 0
4875, 0
4875, 0
5040, 0
5045, 0
5055, 0
5060.3, 0
5220, 0
5225, 0
5235, 0
5245.41, 0
5400, 0
5405, 0
5415, 0
5437.87, 0
5580, 0
5760, 0
5765, 0
5775, 0
5783.05, 0
5940, 0
5945, 0
5955, 0
5967.03, 0
6120, 0
6300, 0
6305, 0
6315, 0
6336.12, 0
6480, 0
6660, 0
6840, 0
6845, 0
6855, 0
6855, 0
7020, 0
7025, 0
7035, 0
7064.77, 0
7200, 0
7205, 0
7215, 0
7235.04, 0
7380, 0
7385, 0
7395, 0
7411.23, 0
7560, 0
7565, 0
7575, 0
7581.11, 0
7740, 0
7920, 0
8100, 0
8105, 0
8115, 0
8133.96, 0
8280, 0
8285, 0
8295, 0
8295.19, 0
8460, 0
8465, 0
8475, 0
8477.49, 0
8640, 0
8820, 0
8825, 0
8835, 0
8843.74, 0
9000, 0
9180, 0
9185, 0
9195, 0
9203.01, 0
9360, 0
9540, 0
9545, 0
9555, 0
9558.78, 0
9720, 0
9725, 0
9735, 0
9748.66, 0
9900, 0
